Id,Pilot,Stewardess
1,"[{Id:1,FirstName:Kody,LastName:Oberbrunner,BirthDate:2017-10-30T04:09:45.1790000Z,Exp:26}]","[{Id:1,FirstName:Alyson,LastName:Koelpin,BirthDate:2018-07-04T20:20:33.3470000Z},{Id:76,FirstName:Sheila,LastName:Jacobs,BirthDate:2017-12-05T14:19:49.4390000Z}]"
2,"[{Id:2,FirstName:Carol,LastName:Howe,BirthDate:2017-08-04T13:03:25.5870000Z,Exp:41}]","[{Id:2,FirstName:Bo,LastName:Kuhic,BirthDate:2018-06-17T01:19:39.0840000Z},{Id:77,FirstName:Ari,LastName:Adams,BirthDate:2017-10-13T16:37:50.3210000Z}]"
3,"[{Id:3,FirstName:Alena,LastName:Thompson,BirthDate:2018-05-14T07:01:44.4910000Z,Exp:76}]","[{Id:3,FirstName:Stefan,LastName:Goyette,BirthDate:2017-10-15T09:24:58.9040000Z},{Id:78,FirstName:Dejah,LastName:Homenick,BirthDate:2018-02-21T23:54:30.2840000Z}]"
4,"[{Id:4,FirstName:Fritz,LastName:Kling,BirthDate:2017-07-26T10:33:54.0640000Z,Exp:4}]","[{Id:4,FirstName:Una,LastName:Cole,BirthDate:2017-10-03T01:12:34.3150000Z},{Id:79,FirstName:Donnie,LastName:Sanford,BirthDate:2018-04-25T10:22:21.9420000Z}]"
5,"[{Id:5,FirstName:Marshall,LastName:Padberg,BirthDate:2018-02-04T13:52:55.5590000Z,Exp:3}]","[{Id:5,FirstName:Lia,LastName:Effertz,BirthDate:2018-02-01T10:27:28.2840000Z},{Id:80,FirstName:Annie,LastName:Howe,BirthDate:2018-05-02T09:15:03.4940000Z}]"
6,"[{Id:6,FirstName:Virgil,LastName:Davis,BirthDate:2017-10-08T16:42:12.0570000Z,Exp:14}]","[{Id:6,FirstName:Harmon,LastName:Yost,BirthDate:2017-12-10T08:35:42.2490000Z}]"
7,"[{Id:7,FirstName:Bartholome,LastName:Lockman,BirthDate:2018-04-10T18:50:52.8840000Z,Exp:23}]","[{Id:7,FirstName:Ellis,LastName:Adams,BirthDate:2017-11-06T17:23:52.4180000Z}]"
8,"[{Id:8,FirstName:Rodrigo,LastName:Flatley,BirthDate:2018-07-03T17:14:57.4650000Z,Exp:34}]","[{Id:8,FirstName:Lia,LastName:Monahan,BirthDate:2017-12-01T10:13:59.8750000Z}]"
9,"[{Id:9,FirstName:Pearl,LastName:Rippin,BirthDate:2018-05-17T15:32:30.6210000Z,Exp:57}]","[{Id:9,FirstName:Hans,LastName:Sipes,BirthDate:2017-11-20T02:06:52.4680000Z}]"
10,"[{Id:10,FirstName:Derek,LastName:Emmerich,BirthDate:2018-02-08T07:38:51.9680000Z,Exp:31}]","[{Id:10,FirstName:Maudie,LastName:Hilll,BirthDate:2017-10-27T05:15:06.7770000Z}]"

